Option3Name,Option2Name,Title,url,Option1Name,ImageSrc,MultipleOptionValues2,MultipleOptionValues3,MultipleOptionValues1,Vendor,Type
Wheels,Color,DRIFT FP8,,Size,http://americanforcewheels.com//media/k2/items/cache/3749aaa8ee129d7e919bddcc7e09cd36_S.jpg,Specify Color in Comments,"2,4,5,6","20""*10"",20""*12"",20""*14"",20""*9"",22""*10"",22""*11"",22""*12"",22""*14"",24""*11"",24""*12"",24""*14"",26""*14""",American Force,Rims
Wheels,Color,MASTER FP5,,Size,http://americanforcewheels.com//media/k2/items/cache/00e7056ec788d5b42162a6c13dbba43c_S.jpg,Specify Color in Comments,"2,4,5,6","20""*10"",20""*12"",20""*14"",20""*9"",22""*10"",22""*11"",22""*12"",22""*14"",24""*11"",24""*12"",24""*14"",26""*14""",American Force,Rims
Wheels,Color,DRIFT FP6,,Size,http://americanforcewheels.com//media/k2/items/cache/2cebfdae7a8ea5d691033c085990a9d4_S.jpg,Specify Color in Comments,"2,4,5,6","20""*10"",20""*12"",20""*14"",22""*10"",22""*11"",22""*12"",22""*14"",24""*11"",24""*12"",24""*14"",26""*14""",American Force,Rims
Wheels,Color,FALLOUT FP8,,Size,http://americanforcewheels.com//media/k2/items/cache/924e149af069b8ea323a809fbb1171d4_S.jpg,Specify Color in Comments,"2,4,5,6","20""*10"",20""*12"",20""*14"",20""*9"",22""*10"",22""*11"",22""*12"",22""*14"",24""*11"",24""*12"",24""*14"",26""*14""",American Force,Rims
Wheels,Color,HAVOC FP6,,Size,http://americanforcewheels.com//media/k2/items/cache/13f34e2b533e12c6166f88368dcd8c07_S.jpg,Specify Color in Comments,"2,4,5,6","20""*10"",20""*12"",20""*14"",20""*9"",22""*10"",22""*11"",22""*12"",22""*14"",24""*11"",24""*12"",24""*14"",26""*14""",American Force,Rims
Wheels,Color,FALLOUT FP6,,Size,http://americanforcewheels.com//media/k2/items/cache/68b62085e41e8f225811766f8d5eb2bb_S.jpg,Specify Color in Comments,"2,4,5,6","20""*10"",20""*12"",20""*14"",20""*9"",22""*10"",22""*11"",22""*12"",22""*14"",24""*11"",24""*12"",24""*14"",26""*14""",American Force,Rims
Wheels,Color,MASTER FP8,,Size,http://americanforcewheels.com//media/k2/items/cache/2a14beb1aee2d71c6fecb12f25c690f7_S.jpg,Specify Color in Comments,"2,4,5,6","20""*10"",20""*12"",20""*14"",20""*9"",22""*10"",22""*11"",22""*12"",22""*14"",24""*11"",24""*12"",24""*14"",26""*14""",American Force,Rims
Wheels,Color,HYPER FP8,,Size,http://americanforcewheels.com//media/k2/items/cache/aaa082d2257ab65aecf61c2340e9c5b9_S.jpg,Specify Color in Comments,"2,4,5,6","20""*10"",20""*12"",20""*14"",20""*9"",22""*10"",22""*11"",22""*12"",22""*14"",24""*11"",24""*12"",24""*14"",26""*14""",American Force,Rims
Wheels,Color,HYPER FP6,,Size,http://americanforcewheels.com//media/k2/items/cache/267b1948fa84309bc99f9c0289cabe44_S.jpg,Specify Color in Comments,"2,4,5,6","20""*10"",20""*12"",20""*14"",20""*9"",22""*10"",22""*11"",22""*12"",22""*14"",24""*11"",24""*12"",24""*14"",26""*14""",American Force,Rims
Wheels,Color,DRIFT FP5,,Size,http://americanforcewheels.com//media/k2/items/cache/e9c724eeb5636d1c1c1a2c2e85d40377_S.jpg,Specify Color in Comments,"2,4,5,6","20""*10"",20""*12"",20""*14"",20""*9"",22""*10"",22""*11"",22""*12"",22""*14"",24""*11"",24""*12"",24""*14"",26""*14""",American Force,Rims
Wheels,Color,KNIGHT FP,,Size,http://americanforcewheels.com//media/k2/items/cache/1d73e13563b8be946c0f00bab252d7ea_S.jpg,Specify Color in Comments,"2,4,5,6","14"",20""*10"",20""*12"",20""*14"",20""*9"",22""*10"",22""*11"",22""*12"",24""*11"",24""*12"",24""*14"",26""*14""",American Force,Rims
Wheels,Color,EVADE FP6,,Size,http://americanforcewheels.com//media/k2/items/cache/d6086de322f98f66cc694f32ea284557_S.jpg,Specify Color in Comments,"2,4,5,6","20""*10"",20""*12"",20""*14"",20""*9"",22""*10"",22""*11"",22""*12"",22""*14"",24""*11"",24""*12"",24""*14"",26""*14""",American Force,Rims
Wheels,Color,EVADE FP5,,Size,http://americanforcewheels.com//media/k2/items/cache/1698b847c2e4fe98c05adcdc9d420590_S.jpg,Specify Color in Comments,"2,4,5,6","20""*10"",20""*12"",20""*14"",20""*9"",22""*10"",22""*11"",22""*12"",22""*14"",24""*11"",24""*12"",24""*14"",26""*14""",American Force,Rims
Wheels,Color,HAVOC FP5,,Size,http://americanforcewheels.com//media/k2/items/cache/d48ed900e79fa9547169c26138b4cd8d_S.jpg,Specify Color in Comments,"2,4,5,6","20""*10"",20""*12"",20""*14"",20""*9"",22""*10"",22""*11"",22""*12"",22""*14"",24""*11"",24""*12"",24""*14"",26""*14""",American Force,Rims
Wheels,Color,NIGHTMARE FP5,,Size,http://americanforcewheels.com//media/k2/items/cache/ba1b7eb9b8ad142948e3b9dce300b4c6_S.jpg,Specify Color in Comments,"2,4,5,6","20""*10"",20""*12"",20""*14"",20""*9"",22""*10"",22""*11"",22""*12"",22""*14"",24""*11"",24""*12"",24""*14"",26""*14""",American Force,Rims
Wheels,Color,HAVOC FP8,,Size,http://americanforcewheels.com//media/k2/items/cache/deb45d333d0414ba3de42155789fdb4a_S.jpg,Specify Color in Comments,"2,4,5,6","20""*10"",20""*12"",20""*14"",20""*9"",22""*10"",22""*11"",22""*12"",22""*14"",24""*11"",24""*12"",24""*14"",26""*14""",American Force,Rims
Wheels,Color,EVADE FP8,,Size,http://americanforcewheels.com//media/k2/items/cache/245effadf41c6129f4fe7accc564ef86_S.jpg,Specify Color in Comments,"2,4,5,6","20""*10"",20""*12"",20""*14"",20""*9"",22""*10"",22""*11"",22""*12"",22""*14"",24""*11"",24""*12"",24""*14"",26""*14""",American Force,Rims
Wheels,Color,19.5X7.5 BEAST SS8,,Size,http://americanforcewheels.com//media/k2/items/cache/9caa2793658f3cc387f216157300b1ce_S.jpg,Specify Color in Comments,"2,4,5,6","24""*14"",24""*16"",26""*14"",26""*16""",American Force,Rims
Wheels,Color,FALLOUT FP5,,Size,http://americanforcewheels.com//media/k2/items/cache/5483e331a9bace540b3a2478fc014e25_S.jpg,Specify Color in Comments,"2,4,5,6","20""*10"",20""*12"",20""*14"",20""*9"",22""*10"",22""*11"",22""*12"",22""*14"",24""*11"",24""*12"",24""*14"",26""*14""",American Force,Rims
Wheels,Color,HYPER FP5,,Size,http://americanforcewheels.com//media/k2/items/cache/852967248dd3e6cb3942a1fe6af42945_S.jpg,Specify Color in Comments,"2,4,5,6","20""*10"",20""*12"",20""*14"",20""*9"",22""*10"",22""*11"",22""*12"",22""*14"",24""*11"",24""*12"",24""*14"",26""*14""",American Force,Rims
Wheels,Color,SLIVER FP6,,Size,http://americanforcewheels.com//media/k2/items/cache/3707d8f2be163bd14c78cf07586f13bb_S.jpg,Specify Color in Comments,"2,4,5,6","20""*10"",20""*12"",20""*14"",20""*9"",22""*10"",22""*11"",22""*12"",22""*14"",24""*11"",24""*12"",24""*14"",26""*14""",American Force,Rims
Wheels,Color,AMBUSH SF6,,Size,http://americanforcewheels.com//media/k2/items/cache/0e09527b0f5edaa60cf5702119e6a0a2_S.jpg,Specify Color in Comments,"2,4,5,6","20""*10"",20""*12"",20""*14"",20""*9"",22""*10"",22""*11"",22""*12"",22""*14"",24""*11"",24""*12"",24""*14"",26""*14""",American Force,Rims
Wheels,Color,NIGHTMARE FP8,,Size,http://americanforcewheels.com//media/k2/items/cache/398a8bc2e3f7f879ff0986359513be80_S.jpg,Specify Color in Comments,"2,4,5,6","20""*10"",20""*12"",20""*14"",20""*9"",22""*10"",22""*11"",22""*12"",22""*14"",24""*11"",24""*12"",24""*14"",26""*14""",American Force,Rims
Wheels,Color,SLIVER FP5,,Size,http://americanforcewheels.com//media/k2/items/cache/780149ddfa09fbd86eb140fe6810d770_S.jpg,Specify Color in Comments,"2,4,5,6","20""*10"",20""*12"",20""*14"",20""*9"",22""*10"",22""*11"",22""*12"",22""*14"",24""*11"",24""*12"",24""*14"",26""*14""",American Force,Rims
Wheels,Color,THOR FP8,,Size,http://americanforcewheels.com//media/k2/items/cache/42121f00ffc451d0c288e11c1f28cbd4_S.jpg,Specify Color in Comments,"2,4,5,6","20""*10"",20""*12"",20""*14"",20""*9"",22""*10"",22""*11"",22""*12"",22""*14"",24""*11"",24""*12"",24""*14"",26""*14""",American Force,Rims
Wheels,Color,MASTER FP6,,Size,http://americanforcewheels.com//media/k2/items/cache/63503204d18160dd6a733e989b70c404_S.jpg,Specify Color in Comments,"2,4,5,6","20""*10"",20""*12"",20""*14"",20""*9"",22""*10"",22""*11"",22""*12"",22""*14"",24""*11"",24""*12"",24""*14"",26""*14""",American Force,Rims
Wheels,Color,ALPHA SF6,,Size,http://americanforcewheels.com//media/k2/items/cache/910084c4eb3461ee8947cd42bdd4b146_S.jpg,Specify Color in Comments,"2,4,5,6","20""*10"",20""*12"",20""*14"",20""*9"",22""*10"",22""*11"",22""*12"",22""*14"",24""*11"",24""*12"",24""*14"",26""*14""",American Force,Rims
Wheels,Color,VECTOR FP6,,Size,http://americanforcewheels.com//media/k2/items/cache/ea457adccaa9e569cff05de9b4f3b04d_S.jpg,Specify Color in Comments,"2,4,5,6","20""*10"",20""*12"",20""*14"",20""*9"",22""*10"",22""*11"",22""*12"",22""*14"",24""*11"",24""*12"",24""*14"",26""*14""",American Force,Rims
Wheels,Color,STACKZ FP,,Size,http://americanforcewheels.com//media/k2/items/cache/aaa036e4cb16038f90e128d8e39c714f_S.jpg,Specify Color in Comments,"2,4,5,6","20""*10"",20""*12"",20""*14"",20""*9"",22""*10"",22""*11"",22""*12"",22""*14"",24""*11"",24""*12"",24""*14"",26""*14""",American Force,Rims
Wheels,Color,SLIVER FP8,,Size,http://americanforcewheels.com//media/k2/items/cache/737344dd8934cc52da9f7f85f2627abb_S.jpg,Specify Color in Comments,"2,4,5,6","20""*10"",20""*12"",20""*14"",20""*9"",22""*10"",22""*11"",22""*12"",22""*14"",24""*11"",24""*12"",24""*14"",26""*14""",American Force,Rims
Wheels,Color,VECTOR FP8,,Size,http://americanforcewheels.com//media/k2/items/cache/e44a6f32e15cb53ee479b2697e759e2e_S.jpg,Specify Color in Comments,"2,4,5,6","20""*10"",20""*12"",20""*14"",20""*9"",22""*10"",22""*11"",22""*12"",22""*14"",24""*11"",24""*12"",24""*14"",26""*14""",American Force,Rims
Wheels,Color,SNAFU FP,,Size,http://americanforcewheels.com//media/k2/items/cache/51a3864ed3ad604d2340c3f8fe249f94_S.jpg,Specify Color in Comments,"2,4,5,6","20""*10"",20""*12"",20""*14"",20""*9"",22""*10"",22""*11"",22""*12"",22""*14"",24""*11"",24""*12"",24""*14"",26""*14""",American Force,Rims
Wheels,Color,ALPHA SF5,,Size,http://americanforcewheels.com//media/k2/items/cache/be7685026070406a215779b242f1aa2e_S.jpg,Specify Color in Comments,"2,4,5,6","20""*10"",20""*12"",20""*14"",20""*9"",22""*10"",22""*11"",22""*12"",22""*14"",24""*11"",24""*12"",24""*14"",26""*14""",American Force,Rims
Wheels,Color,KNUCKLES SF6,,Size,http://americanforcewheels.com//media/k2/items/cache/8da476f72f06a276b1f930cdb28c21f1_S.jpg,Specify Color in Comments,"2,4,5,6","20""*10"",20""*12"",20""*14"",20""*9"",22""*10"",22""*11"",22""*12"",22""*14"",24""*11"",24""*12"",24""*14"",26""*14""",American Force,Rims
Wheels,Color,VECTOR FP5,,Size,http://americanforcewheels.com//media/k2/items/cache/88f135a483ef01fac8d7b920488085e4_S.jpg,Specify Color in Comments,"2,4,5,6","20""*10"",20""*12"",20""*14"",20""*9"",22""*10"",22""*11"",22""*12"",22""*14"",24""*11"",24""*12"",24""*14"",26""*14""",American Force,Rims
Wheels,Color,CHAMBER MP5,,Size,http://americanforcewheels.com//media/k2/items/cache/a07bb170c4a36161aa1f8f4859c19794_S.jpg,Specify Color in Comments,"2,4,5,6","24""*14"",24""*16"",26""*14"",26""*16""",American Force,Rims
Wheels,Color,AMBUSH SF5,,Size,http://americanforcewheels.com//media/k2/items/cache/a9ccd7cd1c4267a50c67ac0bd7180172_S.jpg,Specify Color in Comments,"2,4,5,6","10"",20""*12"",20""*14"",20""*9"",22""*10"",22""*11"",22""*12"",22""*14"",24""*11"",24""*12"",24""*14"",26""*14""",American Force,Rims
Wheels,Color,AMBUSH SF8,,Size,http://americanforcewheels.com//media/k2/items/cache/f7abac252ae5ed68121b92ba7a669d87_S.jpg,Specify Color in Comments,"2,4,5,6","20""*10"",20""*12"",20""*14"",20""*9"",22""*10"",22""*11"",22""*12"",22""*14"",24""*11"",24""*12"",24""*14"",26""*14""",American Force,Rims
Wheels,Color,CLUSTER MP8,,Size,http://americanforcewheels.com//media/k2/items/cache/5a61d31ed794cb758475f6c89477dfed_S.jpg,Specify Color in Comments,"2,4,5,6","24""*14"",24""*16"",26""*14"",26""*16""",American Force,Rims
Wheels,Color,FLARE MP6,,Size,http://americanforcewheels.com//media/k2/items/cache/47359a90eed3ee35f2dab5a3c718abb3_S.jpg,Specify Color in Comments,"2,4,5,6","24""*14"",24""*16"",26""*14"",26""*16""",American Force,Rims
Wheels,Color,ALPHA SF8,,Size,http://americanforcewheels.com//media/k2/items/cache/1d36d23b156ead252433d4ce2c21c387_S.jpg,Specify Color in Comments,"2,4,5,6","20""*10"",20""*12"",20""*14"",20""*9"",22""*10"",22""*11"",22""*12"",22""*14"",24""*11"",24""*12"",24""*14"",26""*14""",American Force,Rims
Wheels,Color,APOLLO MP6,,Size,http://americanforcewheels.com//media/k2/items/cache/621af29360685f88fae4c26f96ed9d8c_S.jpg,Specify Color in Comments,"2,4,5,6","24""*14"",24""*16"",26""*14"",26""*16""",American Force,Rims
Wheels,Color,APOLLO MP8,,Size,http://americanforcewheels.com//media/k2/items/cache/935dbd09c0a7727e2143877810820513_S.jpg,Specify Color in Comments,"2,4,5,6","24""*14"",24""*16"",26""*14"",26""*16""",American Force,Rims
Wheels,Color,SURGE W/ADAPTERS,,Size,http://americanforcewheels.com//media/k2/items/cache/0bfc0ce99892772fc285e10ee3943d9a_S.jpg,Specify Color in Comments,"2,4,5,6","20""*10"",20""*12"",20""*14"",20""*9"",22""*10"",22""*11"",22""*12"",22""*14"",24""*11"",24""*12"",24""*14"",26""*14""",American Force,Rims
Wheels,Color,FLARE MP5,,Size,http://americanforcewheels.com//media/k2/items/cache/28232e87509dedeadc0cd2b6a94ea3f5_S.jpg,Specify Color in Comments,"2,4,5,6","24""*14"",24""*16"",26""*14"",26""*16""",American Force,Rims
Wheels,Color,APOLLO MP5,,Size,http://americanforcewheels.com//media/k2/items/cache/28b8f12309e9ac4afaade20e5d04ffc2_S.jpg,Specify Color in Comments,"2,4,5,6","24""*16"",26""*14"",26""*16""",American Force,Rims
Wheels,Color,CHAMBER MP6,,Size,http://americanforcewheels.com//media/k2/items/cache/665e3353c5a0a1298b58f0408e39e998_S.jpg,Specify Color in Comments,"2,4,5,6","24""*14"",24""*16"",26""*14"",26""*16""",American Force,Rims
Wheels,Color,FURY MP5,,Size,http://americanforcewheels.com//media/k2/items/cache/32088387da419227f20729e6cf7687d8_S.jpg,Specify Color in Comments,"2,4,5,6","24""*14"",24""*16"",26""*14"",26""*16""",American Force,Rims
Wheels,Color,19.5X6.75 TYPHOON,,Size,http://americanforcewheels.com//media/k2/items/cache/f9bbdeb62248e2fc4418a6935e64cf4c_S.jpg,Specify Color in Comments,"2,4,5,6","20"",22"",24"",25"",26"",28""",American Force,Rims
Wheels,Color,19.5X6.75 TITAN,,Size,http://americanforcewheels.com//media/k2/items/cache/d632334130a2b9d194362b7d857b88bf_S.jpg,Specify Color in Comments,"2,4,5,6","20"",22"",24"",25"",26"",28""",American Force,Rims
Wheels,Color,19.5X6.75 INDEPENDENCE,,Size,http://americanforcewheels.com//media/k2/items/cache/3f670763861139bf2201e7bc224257d4_S.jpg,Specify Color in Comments,"2,4,5,6","20"",22"",24"",25"",26"",28""",American Force,Rims
Wheels,Color,19.5X6.75 CALIBER,,Size,http://americanforcewheels.com//media/k2/items/cache/463052dad9377fe2445d3b1bfb5f62a3_S.jpg,Specify Color in Comments,"2,4,5,6","20"",22"",24"",25"",26"",28""",American Force,Rims
Wheels,Color,EMPIRE DBO,,Size,http://americanforcewheels.com//media/k2/items/cache/c9e8d9069e929f4898939a62f1adcffd_S.jpg,Specify Color in Comments,"2,4,5,6","20"",22"",24"",25"",26"",28""",American Force,Rims
Wheels,Color,MAN O' WAR SD,,Size,http://americanforcewheels.com//media/k2/items/cache/e36a512fe5b90101a88ae780e05256f8_S.jpg,Specify Color in Comments,"2,4,5,6","22"",24"",26""",American Force,Rims
Wheels,Color,TWISTER SD,,Size,http://americanforcewheels.com//media/k2/items/cache/c2be3493ce42ee658842d93c6d54529d_S.jpg,Specify Color in Comments,"2,4,5,6","22"",24"",26""",American Force,Rims
Wheels,Color,19.5X6.75 LIBERTY,,Size,http://americanforcewheels.com//media/k2/items/cache/e17bf28887a04e7713039bc3ae638d41_S.jpg,Specify Color in Comments,"2,4,5,6","20"",22"",24"",25"",26"",28""",American Force,Rims
Wheels,Color,19.5X6.75 HOLES,,Size,http://americanforcewheels.com//media/k2/items/cache/8c4e7ddecfb739ef5c33c55621b27630_S.jpg,Specify Color in Comments,"2,4,5,6","20"",22"",24"",25"",26"",28""",American Force,Rims
Wheels,Color,STARS SD,,Size,http://americanforcewheels.com//media/k2/items/cache/98786352ab62965a07c516ba5d449e8a_S.jpg,Specify Color in Comments,"2,4,5,6","22"",24"",26""",American Force,Rims
Wheels,Color,BRUISER SD,,Size,http://americanforcewheels.com//media/k2/items/cache/2e2c1711fe12b24ae23d95c35bfd21c2_S.jpg,Specify Color in Comments,"2,4,5,6","22"",24"",26""",American Force,Rims
Wheels,Color,CYBER SF8,,Size,http://americanforcewheels.com//media/k2/items/cache/79e08f32fa8a036f84441baab7b7a7ff_S.jpg,Specify Color in Comments,"2,4,5,6","20""*10"",20""*12"",20""*14"",20""*9"",22""*11"",22""*12"",22""*14"",24""*11"",24""*12"",24""*14"",26""*14""",American Force,Rims
Wheels,Color,BLAST,,Size,http://americanforcewheels.com//media/k2/items/cache/f5207093f4bafcb21c0c017e46b49f6e_S.jpg,Specify Color in Comments,"2,4,5,6","20"",22"",24"",25"",26"",28""",American Force,Rims
Wheels,Color,19.5X6.75 FREEDOM,,Size,http://americanforcewheels.com//media/k2/items/cache/ab98897d60eaa0d05c1862c118538407_S.jpg,Specify Color in Comments,"2,4,5,6","20"",22"",24"",25"",26"",28""",American Force,Rims
Wheels,Color,CLASSIC,,Size,http://americanforcewheels.com//media/k2/items/cache/05a977f75c8bd421cf67e35678973f79_S.jpg,Specify Color in Comments,"2,4,5,6","20"",22"",24"",25"",26"",28""",American Force,Rims
Wheels,Color,CRANK SF5,,Size,http://americanforcewheels.com//media/k2/items/cache/e4c07973dbc8eb2f7380bdedc4201087_S.jpg,Specify Color in Comments,"2,4,5,6","20""*10"",20""*12"",20""*14"",20""*9"",22""*10"",22""*11"",22""*12"",22""*14"",24""*11"",24""*12"",24""*14"",26""*14""",American Force,Rims
Wheels,Color,APEX SF5,,Size,http://americanforcewheels.com//media/k2/items/cache/71ab1197965a26d2e4379f8b23c36ebb_S.jpg,Specify Color in Comments,"2,4,5,6","20""*10"",20""*12"",20""*14"",20""*9"",22""*10"",22""*11"",22""*12"",22""*14"",24""*11"",24""*12"",24""*14"",26""*14""",American Force,Rims
Wheels,Color,BOLT,,Size,http://americanforcewheels.com//media/k2/items/cache/6c16f95e5837b7a15cc22a32eb72fad8_S.jpg,Specify Color in Comments,"2,4,5,6","20"",22"",24"",25"",26"",28""",American Force,Rims
Wheels,Color,EPIC DBO,,Size,http://americanforcewheels.com//media/k2/items/cache/d383d2a7f18b38f50f531c6f6759cc5a_S.jpg,Specify Color in Comments,"2,4,5,6","20"",22"",24"",25"",26"",28""",American Force,Rims
Wheels,Color,CAMBER,,Size,http://americanforcewheels.com//media/k2/items/cache/ea82697ed9755e975f3c7d735db2070c_S.jpg,Specify Color in Comments,"2,4,5,6","20"",22"",24"",25"",26"",28""",American Force,Rims
Wheels,Color,CRANK SF6,,Size,http://americanforcewheels.com//media/k2/items/cache/7d0d25bfcaa1421c2931a4f0387462aa_S.jpg,Specify Color in Comments,"2,4,5,6","20""*10"",20""*12"",20""*14"",20""*9"",22""*10"",22""*11"",22""*12"",22""*14"",24""*11"",24""*12"",24""*14"",26""*14""",American Force,Rims
Wheels,Color,ECHO SF6,,Size,http://americanforcewheels.com//media/k2/items/cache/9911ecbea07a30e7c89fdadbe8a058e8_S.jpg,Specify Color in Comments,"2,4,5,6","20""*10"",20""*12"",20""*14"",20""*9"",22""*10"",22""*11"",22""*12"",22""*14"",24""*11"",24""*12"",24""*14"",26""*14""",American Force,Rims
Wheels,Color,BRAVO SF8,,Size,http://americanforcewheels.com//media/k2/items/cache/778faba3e3dc8c6c6db24b403da494ae_S.jpg,Specify Color in Comments,"2,4,5,6","20""*10"",20""*12"",20""*14"",20""*9"",22""*10"",22""*11"",22""*12"",22""*14"",24""*11"",24""*12"",24""*14"",26""*14""",American Force,Rims
Wheels,Color,CYBER SF5,,Size,http://americanforcewheels.com//media/k2/items/cache/7fb770f34c796f7501d3cf0f0dc39075_S.jpg,Specify Color in Comments,"2,4,5,6","20""*10"",20""*12"",20""*14"",20""*9"",22""*10"",22""*11"",22""*12"",22""*14"",24""*11"",24""*12"",26""*14""",American Force,Rims
Wheels,Color,REBEL DBO,,Size,http://americanforcewheels.com//media/k2/items/cache/dbe05350458c15fa6c802fb686391131_S.jpg,Specify Color in Comments,"2,4,5,6","20"",22"",24"",25"",26"",28""",American Force,Rims
Wheels,Color,LONESTAR DBO,,Size,http://americanforcewheels.com//media/k2/items/cache/63955aa9869cf7707ada1662dbfb31e2_S.jpg,Specify Color in Comments,"2,4,5,6","20"",22"",24"",25"",26"",28""",American Force,Rims
Wheels,Color,DELTA SF8,,Size,http://americanforcewheels.com//media/k2/items/cache/821ee19c73076a9074fe1f4f0b493d5a_S.jpg,Specify Color in Comments,"2,4,5,6","20""*10"",20""*12"",20""*14"",20""*9"",22""*10"",22""*11"",22""*12"",22""*14"",24""*11"",24""*12"",24""*14"",26""*14""",American Force,Rims
Wheels,Color,HALO SF5,,Size,http://americanforcewheels.com//media/k2/items/cache/753a82091bdf93df272697e1f26229c2_S.jpg,Specify Color in Comments,"2,4,5,6","20""*10"",20""*12"",20""*14"",22""*10"",22""*11"",22""*12"",22""*14"",24""*11"",24""*12"",24""*14"",26""*14""",American Force,Rims
Wheels,Color,APEX SF6,,Size,http://americanforcewheels.com//media/k2/items/cache/157c6c6cd616f458d56a6caf427711f8_S.jpg,Specify Color in Comments,"2,4,5,6","20""*10"",20""*12"",20""*14"",20""*9"",22""*10"",22""*11"",22""*12"",22""*14"",24""*11"",24""*12"",24""*14"",26""*14""",American Force,Rims
Wheels,Color,CRANK SF8,,Size,http://americanforcewheels.com//media/k2/items/cache/274936c4b649c88ffad7944bfc7a744a_S.jpg,Specify Color in Comments,"2,4,5,6","20""*10"",20""*12"",20""*14"",20""*9"",22""*10"",22""*11"",22""*12"",22""*14"",24""*11"",24""*12"",24""*14"",26""*14""",American Force,Rims
Wheels,Color,CALIBER,,Size,http://americanforcewheels.com//media/k2/items/cache/873514e130e46a244b5aae0b135db01f_S.jpg,Specify Color in Comments,"2,4,5,6","20"",22"",24"",25"",26"",28""",American Force,Rims
Wheels,Color,19.5X6.75 BOLT,,Size,http://americanforcewheels.com//media/k2/items/cache/0d422469a7bfe49699e19d8d898530d7_S.jpg,Specify Color in Comments,"2,4,5,6","20"",22"",24"",25"",26"",28""",American Force,Rims
Wheels,Color,INDEPENDENCE SD,,Size,http://americanforcewheels.com//media/k2/items/cache/d65085d854a39feae81a41eb458281c5_S.jpg,Specify Color in Comments,"2,4,5,6","22"",24"",26""",American Force,Rims
Wheels,Color,BAUS,,Size,http://americanforcewheels.com//media/k2/items/cache/fff4548682445ceca36c12620f894d26_S.jpg,Specify Color in Comments,"2,4,5,6","20"",22"",24"",25"",26"",28""",American Force,Rims
Wheels,Color,EVO SD,,Size,http://americanforcewheels.com//media/k2/items/cache/500a44935c8320008f1c713a63e32b8e_S.jpg,Specify Color in Comments,"2,4,5,6","22"",24"",26""",American Force,Rims
Wheels,Color,BRAVO SF6,,Size,http://americanforcewheels.com//media/k2/items/cache/7ab716354432ee12f19b58c60471093b_S.jpg,Specify Color in Comments,"2,4,5,6","20""*10"",20""*12"",20""*14"",20""*9"",22""*10"",22""*11"",22""*12"",22""*14"",24""*11"",24""*12"",24""*14"",26""*14""",American Force,Rims
Wheels,Color,19.5X6.75 MAGNUM,,Size,http://americanforcewheels.com//media/k2/items/cache/d382bd8ae87d9139df6458192532657c_S.jpg,Specify Color in Comments,"2,4,5,6","20"",22"",24"",25"",26"",28""",American Force,Rims
Wheels,Color,SHIFT SD,,Size,http://americanforcewheels.com//media/k2/items/cache/16db9b88d9515580a78d5965b066ac2d_S.jpg,Specify Color in Comments,"2,4,5,6","22"",24"",26""",American Force,Rims
Wheels,Color,19.5X6.75 CLASSIC,,Size,http://americanforcewheels.com//media/k2/items/cache/f8a458e18503c86603dc02339a944feb_S.jpg,Specify Color in Comments,"2,4,5,6","20"",22"",24"",25"",26"",28""",American Force,Rims
Wheels,Color,BANK MP6,,Size,http://americanforcewheels.com//media/k2/items/cache/7e58113966c67085953dd45e2ed189c9_S.jpg,Specify Color in Comments,"2,4,5,6","24""*14"",24""*16"",26""*14"",26""*16""",American Force,Rims
Wheels,Color,SILO MP8,,Size,http://americanforcewheels.com//media/k2/items/cache/7e64c4d2a4a242251ffdaa790b21fa01_S.jpg,Specify Color in Comments,"2,4,5,6","20""*10"",20""*12"",20""*14"",20""*9"",22""*10"",22""*11"",22""*12"",22""*14"",24""*11"",24""*12"",24""*14"",26""*14""",American Force,Rims
Wheels,Color,19.5X6.75 HD,,Size,http://americanforcewheels.com//media/k2/items/cache/600eb6612b31632f6c618c9c012d873d_S.jpg,Specify Color in Comments,"2,4,5,6","20"",22"",24"",25"",26"",28""",American Force,Rims
Wheels,Color,MERIT 3D,,Size,http://americanforcewheels.com//media/k2/items/cache/8ee107fb8e11fa27c5eb0c84c03d7dff_S.jpg,Specify Color in Comments,"2,4,5,6","20""*10"",20""*12"",20""*14"",20""*9"",22""*10"",22""*11"",22""*12"",22""*14"",24""*11"",24""*12"",24""*14"",26""*14""",American Force,Rims
Wheels,Color,BRAWLER MP8,,Size,http://americanforcewheels.com//media/k2/items/cache/3409e45349ec9f6b3397bfe10e87a1d0_S.jpg,Specify Color in Comments,"2,4,5,6","24""*14"",24""*16"",26""*16""",American Force,Rims
Wheels,Color,STEAM 3D,,Size,http://americanforcewheels.com//media/k2/items/cache/5fd45095a868b007b05013834dba7a95_S.jpg,Specify Color in Comments,"2,4,5,6","20""*10"",20""*12"",20""*14"",22""*10"",22""*11"",22""*12"",22""*14"",24""*11"",24""*12"",24""*14"",26""*14""",American Force,Rims
Wheels,Color,CLASSIC W/ADAPTERS,,Size,http://americanforcewheels.com//media/k2/items/cache/3a9297ca78720986dccc8a65ce802a33_S.jpg,Specify Color in Comments,"2,4,5,6","20""*10"",20""*12"",20""*14"",20""*9"",22""*10"",22""*11"",22""*12"",22""*14"",24""*11"",24""*12"",24""*14"",26""*14""",American Force,Rims
Wheels,Color,BANK MP8,,Size,http://americanforcewheels.com//media/k2/items/cache/aee44fc32e47f07b5fe3050745ad94ac_S.jpg,Specify Color in Comments,"2,4,5,6","24""*14"",24""*16"",26""*14"",26""*16""",American Force,Rims
Wheels,Color,CHAMBER MP8,,Size,http://americanforcewheels.com//media/k2/items/cache/ef8bd3de49a270d49d40baf602fbfad5_S.jpg,Specify Color in Comments,"2,4,5,6","24""*14"",24""*16"",26""*14"",26""*16""",American Force,Rims
Wheels,Color,GEM 3D,,Size,http://americanforcewheels.com//media/k2/items/cache/e303e2027514497aaa0603a129a3eb42_S.jpg,Specify Color in Comments,"2,4,5,6","20""*10"",20""*12"",20""*14"",20""*9"",22""*10"",22""*11"",22""*12"",22""*14"",24""*11"",24""*12"",24""*14"",26""*14""",American Force,Rims
Wheels,Color,FLARE MP8,,Size,http://americanforcewheels.com//media/k2/items/cache/fd57315048b2a0e2ee02ed04b0927842_S.jpg,Specify Color in Comments,"2,4,5,6","24""*14"",24""*16"",26""*14"",26""*16""",American Force,Rims
Wheels,Color,NIGHTMARE FP6,,Size,http://americanforcewheels.com//media/k2/items/cache/0d0c19531d6e29f793ed165732978408_S.jpg,Specify Color in Comments,"2,4,5,6","20""*10"",20""*12"",20""*14"",20""*9"",22""*10"",22""*11"",22""*12"",22""*14"",24""*11"",24""*12"",24""*14"",26""*14""",American Force,Rims
